{"cameraMode":{"drawMode":0,"name":"Shaded","section":"Shading Mode"},"sceneLighting":true,"audioPlay":false,"sceneViewState":{"showFog":true,"showMaterialUpdate":false,"showSkybox":true,"showFlares":true,"showImageEffects":true,"showParticleSystems":true},"in2DMode":false,"pivot":{"x":-12.21835994720459,"y":7.85678768157959,"z":-2.003509521484375},"rotation":{"x":0.1464286893606186,"y":0.11103732883930206,"z":-0.016543062403798105,"w":0.9828304648399353},"size":39.33765411376953,"orthographic":false}